Business Name,Category / Industry,Email,Phone,WhatsApp,LinkedIn,Address,City,Country,Website
Field Services & Engineering - Home,Heavy & Field Engineering,deki@fse.net.za,0115537084,Not Found,Not Found,"Corner Hertz and McColm Boulevard, Vanderbijlpark",Vanderbijlpark,South Africa,http://www.fse.net.za
Home - K5 Heavy Engineering - Home,Heavy Engineering & Manufacturing,sales@k5heavy.co.za,0261043224,Not Found,https://www.linkedin.com/company/k5-heavy-engineering/,"Vecor Park, 13 McColm Blvd, Vanderbijlpark",Vanderbijlpark,South Africa,http://www.k5heavy.co.za
Dynamic Engineering & Consultants – Precision Engineering for Your Business Needs,Engineering & Technical Consulting, info@decopty.co.za,0137412998,Not Found,Not Found,"Vanderbijlpark, Gauteng",Vanderbijlpark,South Africa,http://www.decopty.co.za
Home - VAC Solar,Solar & Renewable Energy,david@vacsolar.co.za,+27823290059,Not Found,https://www.linkedin.com/in/david-huxham-83429768/?originalSubdomain=za,"69 Theoville AH, Ravel Street, Vanderbijlpark",Vanderbijlpark,South Africa,http://www.vacsolar.co.za
JCM Accounting & Taxation - Book a FREE Consultation,Accounting & Taxation Services,info@jcmaccounting.co.za,016 981 5713,Not Found,https://www.linkedin.com/company/jcm-accounting-taxation/,"8 Dohne St, Vanderbijlpark",Vanderbijlpark,South Africa,http://www.jcmaccounting.co.za
Home - Nuwell Accounting,Accounting & Business Consulting,admin@nuwell.co.za,0588235294,Not Found,Not Found,"101 Rossini Boulevard, Vanderbijlpark",Vanderbijlpark,South Africa,http://www.nuwell.co.za
House of Accounting,Financial & Accounting Services,anna@houseofaccounting.co.za,0660408671,https://wa.me/0660408671,Not Found,"52 Graham Street, SE2, Vanderbijlpark",Vanderbijlpark,South Africa,http://www.houseofaccounting.co.za
Vaaldriehoek Plumbing,Plumbing & Maintenance,info@vaaldriehoekplumbing.co.za,0169322090,Not Found,Not Found,"Vanderbijlpark, Vaal Triangle",Vanderbijlpark,South Africa,http://www.vaaldriehoekplumbing.co.za
"Print360 – Branding, Design, Marketing",Commercial Printing & Design,print@print360.co.za,+27825765426,https://api.whatsapp.com/send?phone=+27825765426,Not Found,"Vanderbijlpark Central, Gauteng",Vanderbijlpark,South Africa,http://www.print360.co.za
Litho and Digital Printing Services Vanderbijlpark | Vaal Triangle,Printing & Office Stationery,accounts@fineforms.co.za,016 100 9033,Not Found,https://www.linkedin.com/company/101217680/admin/feed/posts/?feedType=following,Vanderbijlpark Industrial Area,Vanderbijlpark,South Africa,http://www.fineforms.co.za
Gemsbok Auto – Gemsbok Auto,Automotive Repair & Services,admin@gemsbokauto.co.za,016 981 5517,Not Found,Not Found,"Vanderbijlpark, Vaal Triangle",Vanderbijlpark,South Africa,http://www.gemsbokauto.co.za
Home - Dakota Protection Services,Security & Protection Services, kitchingrm@gmail.com,016 940 4003,https://wa.me/qr/NBDYJQVZWVOFB1,Not Found,"Vanderbijlpark, South Africa",Vanderbijlpark,South Africa,http://www.dakotaprotectionservices.co.za
